absber,Ab'Sber
abbora-dgua,abbora-d'gua
abboras-dgua,abboras-d'gua
aucena-dgua,aucena-d'gua
aucenas-dgua,aucenas-d'gua
alface-dgua,alface-d'gua
alfaces-dgua,alfaces-d'gua
arca-dgua,arca-d'gua
arcas-dgua,arcas-d'gua
arroz-dgua,arroz-d'gua
arrozes-dgua,arrozes-d'gua
azeitona-dgua,azeitona-d'gua
azeitonas-dgua,azeitonas-d'gua
bacurau-dgua,bacurau-d'gua
bacuraus-dgua,bacuraus-d'gua
bagre-dgua-doce,bagre-d'gua-doce
bagres-dgua-doce,bagres-d'gua-doce
bagrinho-dgua-doce,bagrinho-d'gua-doce
bagrinhos-dgua-doce,bagrinhos-d'gua-doce
baiacu-dgua-doce,baiacu-d'gua-doce
baiacus-dgua-doce,baiacus-d'gua-doce
balano-dgua,balano-d'gua
balanos-dgua,balanos-d'gua
banana-dgua,banana-d'gua
bananas-dgua,bananas-d'gua
bananeira-dgua,bananeira-d'gua
bananeiras-dgua,bananeiras-d'gua
banco-dgua,banco-d'gua
bancos-dgua,bancos-d'gua
bandeja-dgua,bandeja-d'gua
bandejas-dgua,bandejas-d'gua
barata-dgua,barata-d'gua
baratas-dgua,baratas-d'gua
baratinha-dgua,baratinha-d'gua
baratinhas-dgua,baratinhas-d'gua
barca-dgua,barca-d'gua
barcas-dgua,barcas-d'gua
barriga-dgua,barriga-d'gua
barrigas-dgua,barrigas-d'gua
batatinha-dgua,batatinha-d'gua
batatinhas-dgua,batatinhas-d'gua
beija-flor-dgua,beija-flor-d'gua
beija-flores-dgua,beija-flores-d'gua
bimba-ngua,bimba-n'gua
bimbas-ngua,bimbas-n'gua
boca-dgua,boca-d'gua
bocas-dgua,bocas-d'gua
bolacha-dgua,bolacha-d'gua
bolacha-dgua-e-sal,bolacha-d'gua-e-sal
bolachas-dgua,bolachas-d'gua
bolachas-dgua-e-sal,bolachas-d'gua-e-sal
bomba-dgua,bomba-d'gua
bombas-dgua,bombas-d'gua
borda-dgua,borda-d'gua
bordas-dgua,bordas-d'gua
cabea-dgua,cabea-d'gua
cabeas-dgua,cabeas-d'gua
caboclo-dgua,caboclo-d'gua
caboclos-dgua,caboclos-d'gua
cachorrinha-dgua,cachorrinha-d'gua
cachorrinhas-dgua,cachorrinhas-d'gua
cachorrinho-dgua,cachorrinho-d'gua
cachorrinhos-dgua,cachorrinhos-d'gua
cachorro-dgua,cachorro-d'gua
cachorros-dgua,cachorros-d'gua
caixa-dgua,caixa-d'gua
caixa-dgua,Caixa-d'gua
caixa-daguense,caixa-d'aguense
caixa-dculos,caixa-d'culos
caixas-dgua,caixas-d'gua
caixas-dculos,caixas-d'culos
calado-dgua,calado-d'gua
calados-dgua,calados-d'gua
calumbi-dgua,calumbi-d'gua
calumbis-dgua,calumbis-d'gua
camaro-dgua-doce,camaro-d'gua-doce
camares-dgua-doce,camares-d'gua-doce
canafstula-dgua,canafstula-d'gua
canafstulas-dgua,canafstulas-d'gua
canio-dgua,canio-d'gua
canios-dgua,canios-d'gua
capim-camalote-dgua,capim-camalote-d'gua
capim-dgua,capim-d'gua
capim-dangola,capim-d'angola
capins-camalote-dgua,capins-camalote-d'gua
capins-camalotes-dgua,capins-camalotes-d'gua
capins-dgua,capins-d'gua
capins-dangola,capins-d'angola
car-dgua,car-d'gua
caranguejo-dgua-doce,caranguejo-d'gua-doce
caranguejos-dgua-doce,caranguejos-d'gua-doce
cars-dgua,cars-d'gua
carga-dgua,carga-d'gua
cargas-dgua,cargas-d'gua
casca-danta-abbora,casca-d'anta-abbora
castanha-dgua,castanha-d'gua
castanhas-dgua,castanhas-d'gua
cavalinho-dgua,cavalinho-d'gua
cavalinhos-dgua,cavalinhos-d'gua
cavalo-dgua,cavalo-d'gua
cavalos-dgua,cavalos-d'gua
ch-danca,ch-d'anca
chs-danca,chs-d'anca
chichica-dgua,chichica-d'gua
chichicas-dgua,chichicas-d'gua
cip-dgua,cip-d'gua
cip-dalho,cip-d'alho
cip-darco,cip-d'arco
cips-dgua,cips-d'gua
cips-dalho,cips-d'alho
cips-darco,cips-d'arco
clara-dovo,clara-d'ovo
claras-dovo,claras-d'ovo
cobra-dgua,cobra-d'gua
cobras-dgua,cobras-d'gua
copo-dgua,copo-d'gua
copos-dgua,copos-d'gua
corais-dgua,corais-d'gua
coral-dgua,coral-d'gua
corda-dgua,corda-d'gua
cordas-dgua,cordas-d'gua
couro-ngua,couro-n'gua
couros-ngua,couros-n'gua
cravina-dgua,cravina-d'gua
cravinas-dgua,cravinas-d'gua
cruz-doestano,cruz-d'oestano
cuca-dgua,cuca-d'gua
cucas-dgua,cucas-d'gua
dabadia,d'Abadia
dabadia-go,d'Abadia-GO
dao,d'ao
dao,d'Ao
dao,D'Ao
dfrica,d'frica
dagora,d'agora
dgua,d'gua
dgua,d'gua
dgua,D'gua
dgua-mg,d'gua-MG
dgua-pb,d'gua-PB
dajuda,d'Ajuda
dajuda,D'Ajuda
dajuda-se,d'Ajuda-SE
dalcntara,d'Alcntara
dalcntara-pi,d'Alcntara-PI
dalm,d'alm
dalembertiano,d'alembertiano
dalho,d'alho
dalho,d'Alho
dalho,D'Alho
dalho-sp,d'Alho-SP
dalianca,d'Alianca
daliana,d'Aliana
dalianca-go,d'Alianca-GO
dalma,d'alma
dalma,d'Alma
dangola,d'angola
dangola,d'Angola
danta,d'Anta
danta-rn,d'Anta-RN
daquino,d'Aquino
daquino,D'Aquino
darc,d'Arc
darc,D'Arc
darca-al,d'Arca-AL
darco,d'Arco
darco,D'Arco
darco-pa,D'Arco-PA
darco-to,d'Arco-TO
darte,d'arte
darte,d'Arte
darte,D'Arte
dvila,d'vila
dvila-ba,d'vila-BA
destado,d'Estado
doeste-mt,d'Oeste-MT
doeste-pr,d'Oeste-PR
doeste-ro,d'Oeste-RO
doeste-sc,d'Oeste-SC
doeste-sp,d'Oeste-SP
dolho,d'olho
diamante-pingo-dgua,diamante-pingo-d'gua
diamantes-pingo-dgua,diamantes-pingo-d'gua
diamantes-pingos-dgua,diamantes-pingos-d'gua
dias-davilense,dias-d'avilense
dor-dolhos,dor-d'olhos
dores-dolhos,dores-d'olhos
encontro-dgua,encontro-d'gua
encontros-dgua,encontros-d'gua
escorpio-dgua,escorpio-d'gua
escorpies-dgua,escorpies-d'gua
espadana-dgua,espadana-d'gua
espadanas-dgua,espadanas-d'gua
espigozense-doeste,espigozense-d'oeste
espigozenses-doeste,espigozenses-d'oeste
esponja-dgua-doce,esponja-d'gua-doce
esponjas-dgua-doce,esponjas-d'gua-doce
estrela-dalva,estrela-d'alva
estrela-dalvense,estrela-d'alvense
estrelas-dalva,estrelas-d'alva
farinha-dgua,farinha-d'gua
farinhas-dgua,farinhas-d'gua
fim-dguas,fim-d'guas
fins-dgua,fins-d'gua
fios-dovos,fios-d'ovos
flor-dgua,flor-d'gua
flores-dgua,flores-d'gua
forno-dgua,forno-d'gua
fornos-dgua,fornos-d'gua
frango-dgua,frango-d'gua
frango-dgua-comum,frango-d'gua-comum
frangos-dgua,frangos-d'gua
frangos-dgua-comuns,frangos-d'gua-comuns
franguinho-dgua,franguinho-d'gua
franguinhos-dgua,franguinhos-d'gua
funcho-dgua,funcho-d'gua
funchos-dgua,funchos-d'gua
gafanhoto-dgua,gafanhoto-d'gua
gafanhotos-dgua,gafanhotos-d'gua
galinha-dgua,galinha-d'gua
galinha-dangola,galinha-d'angola
galinhas-dgua,galinhas-d'gua
galinhas-dangola,galinhas-d'angola
galinhota-dgua,galinhota-d'gua
galinhotas-dgua,galinhotas-d'gua
goela-dgua,goela-d'gua
goelas-dgua,goelas-d'gua
gota-dgua,gota-d'gua
gotas-dgua,gotas-d'gua
guabiroba-dgua,guabiroba-d'gua
guabirobas-dgua,guabirobas-d'gua
guabirobeira-dgua,guabirobeira-d'gua
guabirobeiras-dgua,guabirobeiras-d'gua
hors-doeuvre,hors-d'oeuvre
hortel-dgua,hortel-d'gua
hortels-dgua,hortels-d'gua
imbu-danta,imbu-d'anta
imbus-danta,imbus-d'anta
jacinto-dgua,jacinto-d'gua
jacintos-dgua,jacintos-d'gua
jambo-dgua,jambo-d'gua
jambos-dgua,jambos-d'gua
jogo-dif,jogo-d'if
jogos-dif,jogos-d'if
lagosta-dgua-doce,lagosta-d'gua-doce
lagostas-dgua-doce,lagostas-d'gua-doce
laranja-serra-dgua,laranja-serra-d'gua
laranjas-serra-dgua,laranjas-serra-d'gua
lentilha-dgua,lentilha-d'gua
lentilha-dgua-menor,lentilha-d'gua-menor
lentilhas-dgua,lentilhas-d'gua
lentilhas-dgua-menores,lentilhas-d'gua-menores
linha-dgua,linha-d'gua
linhas-dgua,linhas-d'gua
lrio-dgua,lrio-d'gua
lrios-dgua,lrios-d'gua
lobo-dalscia,lobo-d'alscia
lua-dgua,lua-d'gua
luas-dgua,luas-d'gua
me-dagua,me-d'agua
me-dgua,me-d'gua
me-daguense,me-d'aguense
mes-dgua,mes-d'gua
malcia-dgua,malcia-d'gua
malcias-dgua,malcias-d'gua
manga-dgua,manga-d'gua
mangal-da-costa-dfrica,mangal-da-costa-d'frica
mangals-da-costa-dfrica,mangals-da-costa-d'frica
mangas-dgua,mangas-d'gua
marca-dgua,marca-d'gua
marcas-dgua,marcas-d'gua
mcdonalds,McDonald's
melro-dangola,melro-d'angola
melros-dangola,melros-d'angola
mestre-darmas,mestre-d'armas
mestres-darmas,mestres-d'armas
mija-ngua,mija-n'gua
mil-folhas-dgua,mil-folhas-d'gua
milho-dgua,milho-d'gua
milhos-dgua,milhos-d'gua
minhalma,minh'alma
moleque-dgua,moleque-d'gua
moleques-dgua,moleques-d'gua
murur-dgua,murur-d'gua
mururs-dgua,mururs-d'gua
musgo-dgua,musgo-d'gua
musgos-dgua,musgos-d'gua
ngua,n'gua
ngua,n'gua
ngua,N'gua
nalma,n'alma
nalma,n'Alma
nalma,N'Alma
negro-dgua,negro-d'gua
negros-dgua,negros-d'gua
olho-dagua,olho-d'agua
olho-dgua,olho-d'gua
olho-dgua,Olho-d'gua
olho-daguense,olho-d'aguense
olhos-dgua,olhos-d'gua
olhos-dgua,Olhos-d'gua
olhos-dgua-mg,Olhos-d'gua-MG
ona-dgua,ona-d'gua
onas-dgua,onas-d'gua
ongs,ONG's
pai-dgua,pai-d'gua
pai-degual,pai-d'egual
palha-dgua,palha-d'gua
pata-dgua,pata-d'gua
patas-dgua,patas-d'gua
patinha-dgua,patinha-d'gua
patinhas-dgua,patinhas-d'gua
patinho-dgua,patinho-d'gua
patinhos-dgua,patinhos-d'gua
pau-dabbora,pau-d'abbora
pau-dgua,pau-d'gua
pau-dguila,pau-d'guila
pau-dalhense,pau-d'alhense
pau-dalho,pau-d'alho
pau-dalho-do-campo,pau-d'alho-do-campo
pau-dalho-do-cerrado,pau-d'alho-do-cerrado
pau-dalho-verdadeiro,pau-d'alho-verdadeiro
pau-dangola,pau-d'angola
pau-danjo,pau-d'anjo
pau-darara,pau-d'arara
pau-darco,pau-d'arco
pau-darco-amarelo,pau-d'arco-amarelo
pau-darco-branco,pau-d'arco-branco
pau-darco-de-flor-roxa,pau-d'arco-de-flor-roxa
pau-darco-de-pipa,pau-d'arco-de-pipa
pau-darco-do-campo,pau-d'arco-do-campo
pau-darco-do-igap,pau-d'arco-do-igap
pau-darco-preto,pau-d'arco-preto
pau-darco-roxo,pau-d'arco-roxo
pau-darquense,pau-d'arquense
pau-dazeite,pau-d'azeite
paus-dabbora,paus-d'abbora
paus-dgua,paus-d'gua
paus-dguila,paus-d'guila
paus-dalho,paus-d'alho
paus-dalho-do-campo,paus-d'alho-do-campo
paus-dalho-do-cerrado,paus-d'alho-do-cerrado
paus-dalho-verdadeiros,paus-d'alho-verdadeiros
paus-dangola,paus-d'angola
paus-danjo,paus-d'anjo
paus-darara,paus-d'arara
paus-darco,paus-d'arco
paus-darco-amarelos,paus-d'arco-amarelos
paus-darco-brancos,paus-d'arco-brancos
paus-darco-de-flor-roxa,paus-d'arco-de-flor-roxa
paus-darco-de-pipa,paus-d'arco-de-pipa
paus-darco-do-campo,paus-d'arco-do-campo
paus-darco-do-igap,paus-d'arco-do-igap
paus-darco-pretos,paus-d'arco-pretos
paus-darco-roxos,paus-d'arco-roxos
paus-dazeite,paus-d'azeite
p-dgua,p-d'gua
p-dalferes,p-d'alferes
pedra-dgua,pedra-d'gua
pedra-darmas,pedra-d'armas
pedras-dgua,pedras-d'gua
pedras-darmas,pedras-d'armas
peixe-agulha-dgua-doce,peixe-agulha-d'gua-doce
peixes-agulha-dgua-doce,peixes-agulha-d'gua-doce
peixes-agulhas-dgua-doce,peixes-agulhas-d'gua-doce
pena-dgua,pena-d'gua
penas-dgua,penas-d'gua
pera-dgua,pera-d'gua
pera-danjou,pera-d'anjou
peras-dgua,peras-d'gua
peras-danjou,peras-d'anjou
percevejo-dgua,percevejo-d'gua
percevejos-dgua,percevejos-d'gua
periquito-danta,periquito-d'anta
periquitos-danta,periquitos-d'anta
peroba-dgua,peroba-d'gua
peroba-dgua-amarela,peroba-d'gua-amarela
perobas-dgua,perobas-d'gua
perobas-dgua-amarelas,perobas-d'gua-amarelas
peru-dgua,peru-d'gua
perus-dgua,perus-d'gua
ps-dgua,ps-d'gua
ps-dalferes,ps-d'alferes
pimenta-dgua,pimenta-d'gua
pimentas-dgua,pimentas-d'gua
pindaba-dgua,pindaba-d'gua
pindabas-dgua,pindabas-d'gua
pingo-dgua,pingo-d'gua
pingos-dgua,pingos-d'gua
pinheirinho-dgua,pinheirinho-d'gua
pinheirinhos-dgua,pinheirinhos-d'gua
pinta-dgua,pinta-d'gua
pintas-dgua,pintas-d'gua
pinto-dgua,pinto-d'gua
pinto-dgua-comum,pinto-d'gua-comum
pintos-dgua,pintos-d'gua
pintos-dgua-comum,pintos-d'gua-comum
pita-dgua,pita-d'gua
pitas-dgua,pitas-d'gua
pito-dgua,pito-d'gua
pitos-dgua,pitos-d'gua
podengo-dgua,podengo-d'gua
podengos-dgua,podengos-d'gua
ponta-dgua,ponta-d'gua
pontas-dgua,pontas-d'gua
porta-dgua,porta-d'gua
portas-dgua,portas-d'gua
praa-darmas,praa-d'armas
praas-darmas,praas-d'armas
pulga-dgua,pulga-d'gua
pulga-danta,pulga-d'anta
pulgas-dgua,pulgas-d'gua
pulgas-danta,pulgas-d'anta
queda-dgua,queda-d'gua
quedas-dgua,quedas-d'gua
quica-dgua,quica-d'gua
quicas-dgua,quicas-d'gua
rato-dgua,rato-d'gua
rato-dgua,rato-d'gua
rates-dgua,rates-d'gua
ratos-dgua,ratos-d'gua
rego-dgua,rego-d'gua
regos-dgua,regos-d'gua
rio-dunense,rio-d'unense
roda-dgua,roda-d'gua
rodas-dgua,rodas-d'gua
sabugueiro-dgua,sabugueiro-d'gua
sabugueiros-dgua,sabugueiros-d'gua
saco-dgua,saco-d'gua
sacos-dgua,sacos-d'gua
safira-dgua,safira-d'gua
safiras-dgua,safiras-d'gua
salsa-dgua,salsa-d'gua
salsas-dgua,salsas-d'gua
sanguinho-dgua,sanguinho-d'gua
sanguinhos-dgua,sanguinhos-d'gua
saramago-dgua,saramago-d'gua
saramagos-dgua,saramagos-d'gua
seca-dgua,seca-d'gua
secas-dgua,secas-d'gua
serra-daguense,serra-d'aguense
silva-dgua,silva-d'gua
silvas-dgua,silvas-d'gua
soldanela-dgua,soldanela-d'gua
soldanelas-dgua,soldanelas-d'gua
tanchagem-dgua,tanchagem-d'gua
tanchagens-dgua,tanchagens-d'gua
taquari-dgua,taquari-d'gua
taquarinha-dgua,taquarinha-d'gua
taquarinhas-dgua,taquarinhas-d'gua
taquaris-dgua,taquaris-d'gua
tatu-dgua,tatu-d'gua
tatus-dgua,tatus-d'gua
tigre-dgua,tigre-d'gua
tigres-dgua,tigres-d'gua
topzio-gota-dgua,topzio-gota-d'gua
topzios-gota-dgua,topzios-gota-d'gua
topzios-gotas-dgua,topzios-gotas-d'gua
trevo-dgua,trevo-d'gua
trevos-dgua,trevos-d'gua
tromba-dgua,tromba-d'gua
trombas-dgua,trombas-d'gua
tualma,tu'alma
vapor-dgua,vapor-d'gua
vapores-dgua,vapores-d'gua
vassourinha-dgua,vassourinha-d'gua
vassourinhas-dgua,vassourinhas-d'gua
vinha-dalho,vinha-d'alho
vinhas-dalho,vinhas-d'alho
vista-dolhos,vista-d'olhos
vistas-dolhos,vistas-d'olhos
